dataset,filename,duration_seconds,iqr_lower,iqr_upper,direction
dataset1,005_010_002.mp4,3.47,1.118,3.387,long
dataset1,006_008_001.mp4,3.47,1.118,3.387,long
dataset1,008_007_002.mp4,0.968,1.118,3.387,short
dataset1,011_010_003.mp4,0.968,1.118,3.387,short
dataset1,014_007_003.mp4,0.968,1.118,3.387,short
dataset1,014_007_005.mp4,0.968,1.118,3.387,short
dataset1,014_010_001.mp4,0.968,1.118,3.387,short
dataset1,014_010_002.mp4,0.968,1.118,3.387,short
dataset1,014_010_003.mp4,0.968,1.118,3.387,short
dataset1,014_010_004.mp4,0.968,1.118,3.387,short
dataset1,014_010_005.mp4,0.968,1.118,3.387,short
dataset1,015_007_002.mp4,0.968,1.118,3.387,short
dataset1,015_007_003.mp4,0.968,1.118,3.387,short
dataset1,015_010_001.mp4,0.968,1.118,3.387,short
dataset1,015_010_002.mp4,0.968,1.118,3.387,short
dataset1,015_010_003.mp4,0.968,1.118,3.387,short
dataset1,015_010_004.mp4,0.968,1.118,3.387,short
dataset1,015_010_005.mp4,0.968,1.118,3.387,short
dataset1,017_006_003.mp4,0.968,1.118,3.387,short
dataset1,017_007_003.mp4,0.968,1.118,3.387,short
dataset1,019_002_005.mp4,0.968,1.118,3.387,short
dataset1,019_010_002.mp4,0.968,1.118,3.387,short
dataset1,019_010_005.mp4,0.968,1.118,3.387,short
dataset1,020_010_002.mp4,0.968,1.118,3.387,short
dataset1,020_010_004.mp4,0.968,1.118,3.387,short
dataset1,020_010_005.mp4,0.968,1.118,3.387,short
dataset1,030_006_003.mp4,3.537,1.118,3.387,long
dataset1,030_006_005.mp4,3.537,1.118,3.387,long
dataset1,031_006_002.mp4,3.537,1.118,3.387,long
dataset1,032_006_005.mp4,3.537,1.118,3.387,long
dataset1,034_001_001.mp4,3.537,1.118,3.387,long
dataset1,034_001_002.mp4,3.537,1.118,3.387,long
dataset1,034_001_003.mp4,3.537,1.118,3.387,long
dataset1,034_001_004.mp4,3.537,1.118,3.387,long
dataset1,034_001_005.mp4,3.537,1.118,3.387,long
dataset1,034_002_001.mp4,3.537,1.118,3.387,long
dataset1,034_002_002.mp4,4.037,1.118,3.387,long
dataset1,034_002_003.mp4,3.537,1.118,3.387,long
dataset1,034_002_004.mp4,4.037,1.118,3.387,long
dataset1,034_002_005.mp4,3.537,1.118,3.387,long
dataset1,034_003_001.mp4,4.037,1.118,3.387,long
dataset1,034_003_002.mp4,4.037,1.118,3.387,long
dataset1,034_003_003.mp4,4.037,1.118,3.387,long
dataset1,034_003_004.mp4,4.037,1.118,3.387,long
dataset1,034_003_005.mp4,3.537,1.118,3.387,long
dataset1,034_005_005.mp4,3.537,1.118,3.387,long
dataset1,034_008_002.mp4,3.537,1.118,3.387,long
dataset1,034_009_002.mp4,3.537,1.118,3.387,long
dataset1,034_009_003.mp4,3.537,1.118,3.387,long
dataset1,034_009_004.mp4,3.537,1.118,3.387,long
dataset1,034_009_005.mp4,3.537,1.118,3.387,long
dataset1,041_003_001.mp4,3.537,1.118,3.387,long
dataset1,041_003_002.mp4,3.537,1.118,3.387,long
dataset1,041_006_003.mp4,3.537,1.118,3.387,long
dataset1,041_006_005.mp4,3.537,1.118,3.387,long
dataset1,041_009_002.mp4,3.537,1.118,3.387,long
dataset1,045_006_005.mp4,3.537,1.118,3.387,long
dataset1,048_001_003.mp4,3.537,1.118,3.387,long
dataset1,048_001_004.mp4,3.537,1.118,3.387,long
dataset2,agua-como-tomar-conciencia-sobre-su-cuidado-episodio-3-en-lengua-de-senas-argentina-lsa_19.mp4,25.0,-7.191,24.174,long
dataset2,agua-como-tomar-conciencia-sobre-su-cuidado-episodio-3-en-lengua-de-senas-argentina-lsa_4.mp4,25.5,-7.191,24.174,long
dataset2,agua-como-tomar-conciencia-sobre-su-cuidado-episodio-3-en-lengua-de-senas-argentina-lsa_42.mp4,26.233,-7.191,24.174,long
dataset2,agua-como-tomar-conciencia-sobre-su-cuidado-episodio-3-en-lengua-de-senas-argentina-lsa_61.mp4,25.7,-7.191,24.174,long
dataset2,agua-como-tomar-conciencia-sobre-su-cuidado-episodio-3-en-lengua-de-senas-argentina-lsa_89.mp4,24.867,-7.191,24.174,long
dataset2,agua-como-tomar-conciencia-sobre-su-cuidado-episodio-3-en-lengua-de-senas-argentina-lsa_97.mp4,41.4,-7.191,24.174,long
dataset2,como-hacer-una-huerta-urbana-en-casa-episodio-8-en-lengua-de-senas-argentina-lsa_102.mp4,27.633,-7.191,24.174,long
dataset2,como-hacer-una-huerta-urbana-en-casa-episodio-8-en-lengua-de-senas-argentina-lsa_13.mp4,47.367,-7.191,24.174,long
dataset2,como-hacer-una-huerta-urbana-en-casa-episodio-8-en-lengua-de-senas-argentina-lsa_29.mp4,55.867,-7.191,24.174,long
dataset2,como-hacer-una-huerta-urbana-en-casa-episodio-8-en-lengua-de-senas-argentina-lsa_37.mp4,34.5,-7.191,24.174,long
dataset2,como-hacer-una-huerta-urbana-en-casa-episodio-8-en-lengua-de-senas-argentina-lsa_48.mp4,38.833,-7.191,24.174,long
dataset2,como-reducir-el-consumo-de-productos-plasticos-episodio-5-en-lengua-de-senas-argentina-lsa_60.mp4,27.867,-7.191,24.174,long
dataset2,como-se-hace-el-compost-episodio-6-en-lengua-de-senas-argentina-lsa_38.mp4,39.1,-7.191,24.174,long
dataset2,como-se-hace-el-compost-episodio-6-en-lengua-de-senas-argentina-lsa_40.mp4,40.967,-7.191,24.174,long
dataset2,como-se-hace-el-compost-episodio-6-en-lengua-de-senas-argentina-lsa_57.mp4,24.5,-7.191,24.174,long
dataset2,como-se-hace-el-compost-episodio-6-en-lengua-de-senas-argentina-lsa_72.mp4,26.8,-7.191,24.174,long
dataset2,guia-basica-de-consumo-responsable-episodio-2-en-lengua-de-senas-argentina-lsa_50.mp4,27.0,-7.191,24.174,long
dataset2,la-tierra-nuestro-planeta-acciones-para-cuidarlo-episodio-4-en-lengua-de-senas-argentina-lsa_115.mp4,25.633,-7.191,24.174,long
dataset2,la-tierra-nuestro-planeta-acciones-para-cuidarlo-episodio-4-en-lengua-de-senas-argentina-lsa_37.mp4,40.533,-7.191,24.174,long
dataset2,la-tierra-nuestro-planeta-acciones-para-cuidarlo-episodio-4-en-lengua-de-senas-argentina-lsa_41.mp4,28.333,-7.191,24.174,long
dataset2,la-tierra-nuestro-planeta-acciones-para-cuidarlo-episodio-4-en-lengua-de-senas-argentina-lsa_44.mp4,29.133,-7.191,24.174,long
dataset2,la-tierra-nuestro-planeta-acciones-para-cuidarlo-episodio-4-en-lengua-de-senas-argentina-lsa_47.mp4,89.833,-7.191,24.174,long
dataset2,la-tierra-nuestro-planeta-acciones-para-cuidarlo-episodio-4-en-lengua-de-senas-argentina-lsa_76.mp4,32.367,-7.191,24.174,long
dataset2,leyfederalsa-resumen-de-la-mesa-de-trabajo-region-patagonia_8.mp4,29.463,-7.191,24.174,long
dataset2,lsa-noticias-en-lengua-de-senas-argentina-programa-especial-20062021_68.mp4,26.66,-7.191,24.174,long
dataset2,lsa-noticias-en-lengua-de-senas-argentina-programa-especial-20062021_86.mp4,24.324,-7.191,24.174,long
dataset2,lsa-noticias-en-lengua-de-senas-argentina-resumen-semanal-03102021_113.mp4,26.867,-7.191,24.174,long
dataset2,lsa-noticias-en-lengua-de-senas-argentina-resumen-semanal-03102021_118.mp4,24.6,-7.191,24.174,long
dataset2,lsa-noticias-en-lengua-de-senas-argentina-resumen-semanal-03102021_25.mp4,24.2,-7.191,24.174,long
dataset2,lsa-noticias-en-lengua-de-senas-argentina-resumen-semanal-03102021_40.mp4,25.033,-7.191,24.174,long
dataset2,lsa-noticias-en-lengua-de-senas-argentina-resumen-semanal-03102021_49.mp4,32.033,-7.191,24.174,long
dataset2,lsa-noticias-en-lengua-de-senas-argentina-resumen-semanal-03102021_51.mp4,35.0,-7.191,24.174,long
dataset2,lsa-noticias-en-lengua-de-senas-argentina-resumen-semanal-03102021_66.mp4,28.9,-7.191,24.174,long
dataset2,lsa-noticias-en-lengua-de-senas-argentina-resumen-semanal-03102021_73.mp4,24.967,-7.191,24.174,long
dataset2,lsa-noticias-en-lengua-de-senas-argentina-resumen-semanal-03102021_85.mp4,25.4,-7.191,24.174,long
dataset2,lsa-noticias-en-lengua-de-senas-argentina-resumen-semanal-03102021_98.mp4,28.1,-7.191,24.174,long
dataset2,lsa-noticias-en-lengua-de-senas-argentina-resumen-semanal-05092021_14.mp4,25.592,-7.191,24.174,long
dataset2,lsa-noticias-en-lengua-de-senas-argentina-resumen-semanal-05092021_18.mp4,28.128,-7.191,24.174,long
dataset2,lsa-noticias-en-lengua-de-senas-argentina-resumen-semanal-05092021_22.mp4,60.46,-7.191,24.174,long
dataset2,lsa-noticias-en-lengua-de-senas-argentina-resumen-semanal-05092021_60.mp4,46.78,-7.191,24.174,long
dataset2,lsa-noticias-en-lengua-de-senas-argentina-resumen-semanal-05092021_76.mp4,27.16,-7.191,24.174,long
dataset2,lsa-noticias-en-lengua-de-senas-argentina-resumen-semanal-05092021_79.mp4,32.533,-7.191,24.174,long
dataset2,lsa-noticias-en-lengua-de-senas-argentina-resumen-semanal-07062021_122.mp4,26.96,-7.191,24.174,long
dataset2,lsa-noticias-en-lengua-de-senas-argentina-resumen-semanal-07062021_156.mp4,26.527,-7.191,24.174,long
dataset2,lsa-noticias-en-lengua-de-senas-argentina-resumen-semanal-07062021_169.mp4,24.458,-7.191,24.174,long
dataset2,lsa-noticias-en-lengua-de-senas-argentina-resumen-semanal-07062021_239.mp4,27.728,-7.191,24.174,long
dataset2,lsa-noticias-en-lengua-de-senas-argentina-resumen-semanal-07062021_25.mp4,30.364,-7.191,24.174,long
dataset2,lsa-noticias-en-lengua-de-senas-argentina-resumen-semanal-07062021_287.mp4,38.605,-7.191,24.174,long
dataset2,lsa-noticias-en-lengua-de-senas-argentina-resumen-semanal-07062021_295.mp4,32.199,-7.191,24.174,long
dataset2,lsa-noticias-en-lengua-de-senas-argentina-resumen-semanal-07062021_30.mp4,33.934,-7.191,24.174,long
dataset2,lsa-noticias-en-lengua-de-senas-argentina-resumen-semanal-07062021_371.mp4,35.202,-7.191,24.174,long
dataset2,lsa-noticias-en-lengua-de-senas-argentina-resumen-semanal-07062021_48.mp4,27.961,-7.191,24.174,long
dataset2,lsa-noticias-en-lengua-de-senas-argentina-resumen-semanal-07062021_52.mp4,27.461,-7.191,24.174,long
dataset2,lsa-noticias-en-lengua-de-senas-argentina-resumen-semanal-07062021_68.mp4,24.658,-7.191,24.174,long
dataset2,lsa-noticias-en-lengua-de-senas-argentina-resumen-semanal-07062021_75.mp4,25.058,-7.191,24.174,long
dataset2,lsa-noticias-en-lengua-de-senas-argentina-resumen-semanal-07062021_95.mp4,26.76,-7.191,24.174,long
dataset2,lsa-noticias-en-lengua-de-senas-argentina-resumen-semanal-10102021_118.mp4,24.858,-7.191,24.174,long
dataset2,lsa-noticias-en-lengua-de-senas-argentina-resumen-semanal-10102021_132.mp4,29.396,-7.191,24.174,long
dataset2,lsa-noticias-en-lengua-de-senas-argentina-resumen-semanal-10102021_139.mp4,26.126,-7.191,24.174,long
dataset2,lsa-noticias-en-lengua-de-senas-argentina-resumen-semanal-10102021_29.mp4,26.66,-7.191,24.174,long
dataset2,lsa-noticias-en-lengua-de-senas-argentina-resumen-semanal-10102021_36.mp4,26.46,-7.191,24.174,long
dataset2,lsa-noticias-en-lengua-de-senas-argentina-resumen-semanal-10102021_43.mp4,30.831,-7.191,24.174,long
dataset2,lsa-noticias-en-lengua-de-senas-argentina-resumen-semanal-10102021_90.mp4,24.791,-7.191,24.174,long
dataset2,lsa-noticias-en-lengua-de-senas-argentina-resumen-semanal-11072021_118.mp4,29.897,-7.191,24.174,long
dataset2,lsa-noticias-en-lengua-de-senas-argentina-resumen-semanal-11072021_14.mp4,27.694,-7.191,24.174,long
dataset2,lsa-noticias-en-lengua-de-senas-argentina-resumen-semanal-11072021_145.mp4,35.235,-7.191,24.174,long
dataset2,lsa-noticias-en-lengua-de-senas-argentina-resumen-semanal-11072021_156.mp4,34.835,-7.191,24.174,long
dataset2,lsa-noticias-en-lengua-de-senas-argentina-resumen-semanal-11072021_171.mp4,28.562,-7.191,24.174,long
dataset2,lsa-noticias-en-lengua-de-senas-argentina-resumen-semanal-11072021_28.mp4,40.007,-7.191,24.174,long
dataset2,lsa-noticias-en-lengua-de-senas-argentina-resumen-semanal-11072021_32.mp4,35.802,-7.191,24.174,long
dataset2,lsa-noticias-en-lengua-de-senas-argentina-resumen-semanal-11072021_36.mp4,25.092,-7.191,24.174,long
dataset2,lsa-noticias-en-lengua-de-senas-argentina-resumen-semanal-11072021_42.mp4,34.201,-7.191,24.174,long
dataset2,lsa-noticias-en-lengua-de-senas-argentina-resumen-semanal-11072021_89.mp4,33.901,-7.191,24.174,long
dataset2,lsa-noticias-en-lengua-de-senas-argentina-resumen-semanal-11072021_94.mp4,32.966,-7.191,24.174,long
dataset2,lsa-noticias-en-lengua-de-senas-argentina-resumen-semanal-11072021_99.mp4,24.758,-7.191,24.174,long
dataset2,lsa-noticias-en-lengua-de-senas-argentina-resumen-semanal-12092021_35.mp4,32.833,-7.191,24.174,long
dataset2,lsa-noticias-en-lengua-de-senas-argentina-resumen-semanal-12092021_57.mp4,29.663,-7.191,24.174,long
dataset2,lsa-noticias-en-lengua-de-senas-argentina-resumen-semanal-12092021_85.mp4,27.928,-7.191,24.174,long
dataset2,lsa-noticias-en-lengua-de-senas-argentina-resumen-semanal-13062021_131.mp4,25.893,-7.191,24.174,long
dataset2,lsa-noticias-en-lengua-de-senas-argentina-resumen-semanal-13062021_135.mp4,25.158,-7.191,24.174,long
dataset2,lsa-noticias-en-lengua-de-senas-argentina-resumen-semanal-13062021_15.mp4,32.966,-7.191,24.174,long
dataset2,lsa-noticias-en-lengua-de-senas-argentina-resumen-semanal-13062021_159.mp4,30.264,-7.191,24.174,long
dataset2,lsa-noticias-en-lengua-de-senas-argentina-resumen-semanal-13062021_307.mp4,27.561,-7.191,24.174,long
dataset2,lsa-noticias-en-lengua-de-senas-argentina-resumen-semanal-13062021_310.mp4,24.925,-7.191,24.174,long
dataset2,lsa-noticias-en-lengua-de-senas-argentina-resumen-semanal-13062021_319.mp4,25.025,-7.191,24.174,long
dataset2,lsa-noticias-en-lengua-de-senas-argentina-resumen-semanal-13062021_78.mp4,25.025,-7.191,24.174,long
dataset2,lsa-noticias-en-lengua-de-senas-argentina-resumen-semanal-14112021_20.mp4,56.557,-7.191,24.174,long
dataset2,lsa-noticias-en-lengua-de-senas-argentina-resumen-semanal-14112021_25.mp4,28.629,-7.191,24.174,long
dataset2,lsa-noticias-en-lengua-de-senas-argentina-resumen-semanal-14112021_33.mp4,24.391,-7.191,24.174,long
dataset2,lsa-noticias-en-lengua-de-senas-argentina-resumen-semanal-14112021_62.mp4,40.841,-7.191,24.174,long
dataset2,lsa-noticias-en-lengua-de-senas-argentina-resumen-semanal-14112021_72.mp4,25.025,-7.191,24.174,long
dataset2,lsa-noticias-en-lengua-de-senas-argentina-resumen-semanal-17102021_11.mp4,49.783,-7.191,24.174,long
dataset2,lsa-noticias-en-lengua-de-senas-argentina-resumen-semanal-17102021_55.mp4,31.498,-7.191,24.174,long
dataset2,lsa-noticias-en-lengua-de-senas-argentina-resumen-semanal-17102021_63.mp4,24.258,-7.191,24.174,long
dataset2,lsa-noticias-en-lengua-de-senas-argentina-resumen-semanal-17102021_65.mp4,57.624,-7.191,24.174,long
dataset2,lsa-noticias-en-lengua-de-senas-argentina-resumen-semanal-17102021_78.mp4,32.332,-7.191,24.174,long
dataset2,lsa-noticias-en-lengua-de-senas-argentina-resumen-semanal-17102021_82.mp4,27.394,-7.191,24.174,long
dataset2,lsa-noticias-en-lengua-de-senas-argentina-resumen-semanal-17102021_93.mp4,31.598,-7.191,24.174,long
dataset2,lsa-noticias-en-lengua-de-senas-argentina-resumen-semanal-19092021_31.mp4,39.84,-7.191,24.174,long
dataset2,lsa-noticias-en-lengua-de-senas-argentina-resumen-semanal-19092021_39.mp4,28.662,-7.191,24.174,long
dataset2,lsa-noticias-en-lengua-de-senas-argentina-resumen-semanal-19092021_68.mp4,35.602,-7.191,24.174,long
dataset2,lsa-noticias-en-lengua-de-senas-argentina-resumen-semanal-19092021_84.mp4,25.225,-7.191,24.174,long
dataset2,lsa-noticias-en-lengua-de-senas-argentina-resumen-semanal-21112021_120.mp4,33.333,-7.191,24.174,long
dataset2,lsa-noticias-en-lengua-de-senas-argentina-resumen-semanal-21112021_29.mp4,26.026,-7.191,24.174,long
dataset2,lsa-noticias-en-lengua-de-senas-argentina-resumen-semanal-21112021_42.mp4,30.597,-7.191,24.174,long
dataset2,lsa-noticias-en-lengua-de-senas-argentina-resumen-semanal-21112021_74.mp4,32.399,-7.191,24.174,long
dataset2,lsa-noticias-en-lengua-de-senas-argentina-resumen-semanal-21112021_84.mp4,24.458,-7.191,24.174,long
dataset2,lsa-noticias-en-lengua-de-senas-argentina-resumen-semanal-22082021_26.mp4,25.325,-7.191,24.174,long
dataset2,lsa-noticias-en-lengua-de-senas-argentina-resumen-semanal-22082021_50.mp4,27.461,-7.191,24.174,long
dataset2,lsa-noticias-en-lengua-de-senas-argentina-resumen-semanal-22082021_59.mp4,29.162,-7.191,24.174,long
dataset2,lsa-noticias-en-lengua-de-senas-argentina-resumen-semanal-22082021_72.mp4,44.945,-7.191,24.174,long
dataset2,lsa-noticias-en-lengua-de-senas-argentina-resumen-semanal-22082021_94.mp4,29.429,-7.191,24.174,long
dataset2,lsa-noticias-en-lengua-de-senas-argentina-resumen-semanal-23052021_118.mp4,30.163,-7.191,24.174,long
dataset2,lsa-noticias-en-lengua-de-senas-argentina-resumen-semanal-23052021_123.mp4,28.829,-7.191,24.174,long
dataset2,lsa-noticias-en-lengua-de-senas-argentina-resumen-semanal-23052021_13.mp4,34.668,-7.191,24.174,long
dataset2,lsa-noticias-en-lengua-de-senas-argentina-resumen-semanal-23052021_203.mp4,34.868,-7.191,24.174,long
dataset2,lsa-noticias-en-lengua-de-senas-argentina-resumen-semanal-23052021_307.mp4,24.625,-7.191,24.174,long
dataset2,lsa-noticias-en-lengua-de-senas-argentina-resumen-semanal-23052021_313.mp4,54.154,-7.191,24.174,long
dataset2,lsa-noticias-en-lengua-de-senas-argentina-resumen-semanal-23052021_329.mp4,44.211,-7.191,24.174,long
dataset2,lsa-noticias-en-lengua-de-senas-argentina-resumen-semanal-23052021_334.mp4,36.77,-7.191,24.174,long
dataset2,lsa-noticias-en-lengua-de-senas-argentina-resumen-semanal-23052021_44.mp4,26.827,-7.191,24.174,long
dataset2,lsa-noticias-en-lengua-de-senas-argentina-resumen-semanal-23052021_90.mp4,26.393,-7.191,24.174,long
dataset2,lsa-noticias-en-lengua-de-senas-argentina-resumen-semanal-24102021_12.mp4,28.695,-7.191,24.174,long
dataset2,lsa-noticias-en-lengua-de-senas-argentina-resumen-semanal-24102021_16.mp4,50.25,-7.191,24.174,long
dataset2,lsa-noticias-en-lengua-de-senas-argentina-resumen-semanal-24102021_26.mp4,41.141,-7.191,24.174,long
dataset2,lsa-noticias-en-lengua-de-senas-argentina-resumen-semanal-24102021_30.mp4,41.441,-7.191,24.174,long
dataset2,lsa-noticias-en-lengua-de-senas-argentina-resumen-semanal-24102021_34.mp4,27.294,-7.191,24.174,long
dataset2,lsa-noticias-en-lengua-de-senas-argentina-resumen-semanal-24102021_67.mp4,26.927,-7.191,24.174,long
dataset2,lsa-noticias-en-lengua-de-senas-argentina-resumen-semanal-25072021_143.mp4,38.772,-7.191,24.174,long
dataset2,lsa-noticias-en-lengua-de-senas-argentina-resumen-semanal-25072021_166.mp4,30.13,-7.191,24.174,long
dataset2,lsa-noticias-en-lengua-de-senas-argentina-resumen-semanal-25072021_171.mp4,28.896,-7.191,24.174,long
dataset2,lsa-noticias-en-lengua-de-senas-argentina-resumen-semanal-25072021_182.mp4,24.591,-7.191,24.174,long
dataset2,lsa-noticias-en-lengua-de-senas-argentina-resumen-semanal-25072021_188.mp4,34.101,-7.191,24.174,long
dataset2,lsa-noticias-en-lengua-de-senas-argentina-resumen-semanal-25072021_218.mp4,40.374,-7.191,24.174,long
dataset2,lsa-noticias-en-lengua-de-senas-argentina-resumen-semanal-25072021_224.mp4,33.901,-7.191,24.174,long
dataset2,lsa-noticias-en-lengua-de-senas-argentina-resumen-semanal-25072021_232.mp4,34.501,-7.191,24.174,long
dataset2,lsa-noticias-en-lengua-de-senas-argentina-resumen-semanal-25072021_94.mp4,26.96,-7.191,24.174,long
dataset2,lsa-noticias-en-lengua-de-senas-argentina-resumen-semanal-25072021_98.mp4,24.825,-7.191,24.174,long
dataset2,lsa-noticias-en-lengua-de-senas-argentina-resumen-semanal-26092021_18.mp4,28.962,-7.191,24.174,long
dataset2,lsa-noticias-en-lengua-de-senas-argentina-resumen-semanal-26092021_27.mp4,30.731,-7.191,24.174,long
dataset2,lsa-noticias-en-lengua-de-senas-argentina-resumen-semanal-26092021_31.mp4,33.867,-7.191,24.174,long
dataset2,lsa-noticias-en-lengua-de-senas-argentina-resumen-semanal-26092021_37.mp4,24.791,-7.191,24.174,long
dataset2,lsa-noticias-en-lengua-de-senas-argentina-resumen-semanal-26092021_42.mp4,38.272,-7.191,24.174,long
dataset2,lsa-noticias-en-lengua-de-senas-argentina-resumen-semanal-26092021_58.mp4,25.792,-7.191,24.174,long
dataset2,lsa-noticias-en-lengua-de-senas-argentina-resumen-semanal-26092021_91.mp4,26.226,-7.191,24.174,long
dataset2,lsa-noticias-en-lengua-de-senas-argentina-resumen-semanal-26092021_97.mp4,28.529,-7.191,24.174,long
dataset2,lsa-noticias-en-lengua-de-senas-argentina-resumen-semanal-27062021_127.mp4,28.362,-7.191,24.174,long
dataset2,lsa-noticias-en-lengua-de-senas-argentina-resumen-semanal-27062021_167.mp4,34.101,-7.191,24.174,long
dataset2,lsa-noticias-en-lengua-de-senas-argentina-resumen-semanal-27062021_173.mp4,27.594,-7.191,24.174,long
dataset2,lsa-noticias-en-lengua-de-senas-argentina-resumen-semanal-27062021_186.mp4,25.826,-7.191,24.174,long
dataset2,lsa-noticias-en-lengua-de-senas-argentina-resumen-semanal-27062021_196.mp4,25.325,-7.191,24.174,long
dataset2,lsa-noticias-en-lengua-de-senas-argentina-resumen-semanal-27062021_206.mp4,25.592,-7.191,24.174,long
dataset2,lsa-noticias-en-lengua-de-senas-argentina-resumen-semanal-27062021_216.mp4,27.694,-7.191,24.174,long
dataset2,lsa-noticias-en-lengua-de-senas-argentina-resumen-semanal-27062021_219.mp4,29.029,-7.191,24.174,long
dataset2,lsa-noticias-en-lengua-de-senas-argentina-resumen-semanal-29082021_23.mp4,36.003,-7.191,24.174,long
dataset2,lsa-noticias-en-lengua-de-senas-argentina-resumen-semanal-29082021_66.mp4,25.092,-7.191,24.174,long
dataset2,lsa-noticias-en-lengua-de-senas-argentina-resumen-semanal-30052021_299.mp4,34.368,-7.191,24.174,long
dataset2,lsa-noticias-en-lengua-de-senas-argentina-resumen-semanal-30052021_315.mp4,25.926,-7.191,24.174,long
dataset2,lsa-noticias-en-lengua-de-senas-argentina-resumen-semanal-30052021_331.mp4,30.931,-7.191,24.174,long
dataset2,lsa-noticias-en-lengua-de-senas-argentina-resumen-semanal-30052021_54.mp4,30.864,-7.191,24.174,long
dataset2,lsa-noticias-en-lengua-de-senas-argentina-resumen-semanal-30052021_80.mp4,24.791,-7.191,24.174,long
dataset2,lsa-noticias-en-lengua-de-senas-argentina-resumen-semanal-31102021_10.mp4,24.658,-7.191,24.174,long
dataset2,lsa-noticias-en-lengua-de-senas-argentina-resumen-semanal-31102021_42.mp4,38.105,-7.191,24.174,long
dataset2,lsa-noticias-en-lengua-de-senas-argentina-resumen-semanal-31102021_70.mp4,27.261,-7.191,24.174,long
dataset2,lsa-noticias-en-lengua-de-senas-argentina-resumen-semanal-31102021_81.mp4,26.793,-7.191,24.174,long
dataset2,lsa-noticias-en-lengua-de-senas-argentina-resumen-semanal-4072021_125.mp4,48.081,-7.191,24.174,long
dataset2,lsa-noticias-en-lengua-de-senas-argentina-resumen-semanal-4072021_195.mp4,37.204,-7.191,24.174,long
dataset2,lsa-noticias-en-lengua-de-senas-argentina-resumen-semanal-4072021_221.mp4,27.761,-7.191,24.174,long
dataset2,lsa-noticias-en-lengua-de-senas-argentina-resumen-semanal-4072021_226.mp4,26.927,-7.191,24.174,long
dataset2,lsa-noticias-en-lengua-de-senas-argentina-resumen-semanal-4072021_231.mp4,30.364,-7.191,24.174,long
dataset2,lsa-noticias-en-lengua-de-senas-argentina-resumen-semanal-4072021_32.mp4,29.897,-7.191,24.174,long
dataset2,mascotas-en-la-ciudad-episodio-9-en-lengua-de-senas-argentina-lsa_13.mp4,25.958,-7.191,24.174,long
dataset2,mascotas-en-la-ciudad-episodio-9-en-lengua-de-senas-argentina-lsa_19.mp4,24.958,-7.191,24.174,long
dataset2,mascotas-en-la-ciudad-episodio-9-en-lengua-de-senas-argentina-lsa_33.mp4,32.708,-7.191,24.174,long
dataset2,mascotas-en-la-ciudad-episodio-9-en-lengua-de-senas-argentina-lsa_67.mp4,24.417,-7.191,24.174,long
dataset2,mascotas-en-la-ciudad-episodio-9-en-lengua-de-senas-argentina-lsa_83.mp4,39.333,-7.191,24.174,long
dataset2,noticias-en-lengua-de-senas-argentina-lsa-resumen-semanal-19122021_107.mp4,25.459,-7.191,24.174,long
dataset2,noticias-en-lengua-de-senas-argentina-lsa-resumen-semanal-19122021_120.mp4,53.353,-7.191,24.174,long
dataset2,noticias-en-lengua-de-senas-argentina-lsa-resumen-semanal-19122021_29.mp4,35.302,-7.191,24.174,long
dataset2,noticias-en-lengua-de-senas-argentina-lsa-resumen-semanal-19122021_36.mp4,26.293,-7.191,24.174,long
dataset2,noticias-en-lengua-de-senas-argentina-lsa-resumen-semanal-19122021_40.mp4,25.959,-7.191,24.174,long
dataset2,noticias-en-lengua-de-senas-argentina-lsa-resumen-semanal-19122021_43.mp4,25.826,-7.191,24.174,long
dataset2,noticias-en-lengua-de-senas-argentina-lsa-resumen-semanal-19122021_86.mp4,35.068,-7.191,24.174,long
dataset2,noticias-en-lengua-de-senas-argentina-lsa-resumen-semanal-5122021_105.mp4,45.679,-7.191,24.174,long
dataset2,noticias-en-lengua-de-senas-argentina-lsa-resumen-semanal-5122021_170.mp4,33.1,-7.191,24.174,long
dataset2,noticias-en-lengua-de-senas-argentina-lsa-resumen-semanal-5122021_203.mp4,29.963,-7.191,24.174,long
dataset2,noticias-en-lengua-de-senas-argentina-lsa-resumen-semanal-5122021_220.mp4,27.127,-7.191,24.174,long
dataset2,noticias-en-lengua-de-senas-argentina-lsa-resumen-semanal-5122021_26.mp4,36.069,-7.191,24.174,long
dataset2,noticias-en-lengua-de-senas-argentina-lsa-resumen-semanal-5122021_34.mp4,26.493,-7.191,24.174,long
dataset2,noticias-en-lengua-de-senas-argentina-lsa-resumen-semanal-5122021_52.mp4,29.229,-7.191,24.174,long
dataset2,noticias-en-lengua-de-senas-argentina-lsa-resumen-semanal-5122021_64.mp4,25.225,-7.191,24.174,long
dataset2,noticias-en-lengua-de-senas-argentina-lsa-resumen-semanal-7112021_103.mp4,26.226,-7.191,24.174,long
dataset2,noticias-en-lengua-de-senas-argentina-lsa-resumen-semanal-7112021_107.mp4,63.03,-7.191,24.174,long
dataset2,noticias-en-lengua-de-senas-argentina-lsa-resumen-semanal-7112021_114.mp4,33.534,-7.191,24.174,long
dataset2,noticias-en-lengua-de-senas-argentina-lsa-resumen-semanal-7112021_17.mp4,36.27,-7.191,24.174,long
dataset2,noticias-en-lengua-de-senas-argentina-lsa-resumen-semanal-7112021_21.mp4,24.591,-7.191,24.174,long
dataset2,noticias-en-lengua-de-senas-argentina-lsa-resumen-semanal-7112021_24.mp4,32.833,-7.191,24.174,long
dataset2,noticias-en-lengua-de-senas-argentina-lsa-resumen-semanal-7112021_27.mp4,42.609,-7.191,24.174,long
dataset2,noticias-en-lengua-de-senas-argentina-lsa-resumen-semanal-7112021_35.mp4,32.366,-7.191,24.174,long
dataset2,noticias-en-lengua-de-senas-argentina-lsa-resumen-semanal-7112021_39.mp4,37.237,-7.191,24.174,long
dataset2,noticias-en-lengua-de-senas-argentina-lsa-resumen-semanal-7112021_42.mp4,27.16,-7.191,24.174,long
dataset2,noticias-en-lengua-de-senas-argentina-lsa-resumen-semanal-7112021_48.mp4,34.134,-7.191,24.174,long
dataset2,noticias-en-lengua-de-senas-argentina-lsa-resumen-semanal-7112021_52.mp4,37.07,-7.191,24.174,long
dataset2,noticias-en-lengua-de-senas-argentina-lsa-resumen-semanal-7112021_64.mp4,36.303,-7.191,24.174,long
dataset2,noticias-en-lengua-de-senas-argentina-lsa-resumen-semanal-7112021_73.mp4,56.023,-7.191,24.174,long
dataset2,noticias-en-lengua-de-senas-argentina-lsa-resumen-semanal-7112021_99.mp4,25.425,-7.191,24.174,long
dataset2,noticias-en-lengua-de-senas-argentina-resumen-semanal-02052021_197.mp4,36.136,-7.191,24.174,long
dataset2,noticias-en-lengua-de-senas-argentina-resumen-semanal-02052021_214.mp4,25.125,-7.191,24.174,long
dataset2,noticias-en-lengua-de-senas-argentina-resumen-semanal-02052021_226.mp4,28.795,-7.191,24.174,long
dataset2,noticias-en-lengua-de-senas-argentina-resumen-semanal-02052021_23.mp4,29.53,-7.191,24.174,long
dataset2,noticias-en-lengua-de-senas-argentina-resumen-semanal-02052021_235.mp4,26.693,-7.191,24.174,long
dataset2,noticias-en-lengua-de-senas-argentina-resumen-semanal-02052021_36.mp4,27.327,-7.191,24.174,long
dataset2,noticias-en-lengua-de-senas-argentina-resumen-semanal-02052021_62.mp4,31.365,-7.191,24.174,long
dataset2,noticias-en-lengua-de-senas-argentina-resumen-semanal-02052021_65.mp4,26.827,-7.191,24.174,long
dataset2,noticias-en-lengua-de-senas-argentina-resumen-semanal-02052021_68.mp4,63.197,-7.191,24.174,long
dataset2,noticias-en-lengua-de-senas-argentina-resumen-semanal-07032021_101.mp4,40.24,-7.191,24.174,long
dataset2,noticias-en-lengua-de-senas-argentina-resumen-semanal-07032021_108.mp4,25.893,-7.191,24.174,long
dataset2,noticias-en-lengua-de-senas-argentina-resumen-semanal-07032021_112.mp4,28.662,-7.191,24.174,long
dataset2,noticias-en-lengua-de-senas-argentina-resumen-semanal-07032021_116.mp4,43.677,-7.191,24.174,long
dataset2,noticias-en-lengua-de-senas-argentina-resumen-semanal-07032021_122.mp4,72.906,-7.191,24.174,long
dataset2,noticias-en-lengua-de-senas-argentina-resumen-semanal-07032021_145.mp4,35.335,-7.191,24.174,long
dataset2,noticias-en-lengua-de-senas-argentina-resumen-semanal-07032021_158.mp4,34.101,-7.191,24.174,long
dataset2,noticias-en-lengua-de-senas-argentina-resumen-semanal-07032021_165.mp4,25.659,-7.191,24.174,long
dataset2,noticias-en-lengua-de-senas-argentina-resumen-semanal-07032021_169.mp4,26.927,-7.191,24.174,long
dataset2,noticias-en-lengua-de-senas-argentina-resumen-semanal-07032021_187.mp4,80.848,-7.191,24.174,long
dataset2,noticias-en-lengua-de-senas-argentina-resumen-semanal-07032021_200.mp4,30.731,-7.191,24.174,long
dataset2,noticias-en-lengua-de-senas-argentina-resumen-semanal-07032021_237.mp4,31.999,-7.191,24.174,long
dataset2,noticias-en-lengua-de-senas-argentina-resumen-semanal-07032021_243.mp4,26.527,-7.191,24.174,long
dataset2,noticias-en-lengua-de-senas-argentina-resumen-semanal-07032021_251.mp4,28.128,-7.191,24.174,long
dataset2,noticias-en-lengua-de-senas-argentina-resumen-semanal-07032021_268.mp4,31.765,-7.191,24.174,long
dataset2,noticias-en-lengua-de-senas-argentina-resumen-semanal-07032021_278.mp4,26.226,-7.191,24.174,long
dataset2,noticias-en-lengua-de-senas-argentina-resumen-semanal-07032021_29.mp4,27.06,-7.191,24.174,long
dataset2,noticias-en-lengua-de-senas-argentina-resumen-semanal-07032021_297.mp4,24.825,-7.191,24.174,long
dataset2,noticias-en-lengua-de-senas-argentina-resumen-semanal-07032021_313.mp4,24.358,-7.191,24.174,long
dataset2,noticias-en-lengua-de-senas-argentina-resumen-semanal-07032021_324.mp4,25.659,-7.191,24.174,long
dataset2,noticias-en-lengua-de-senas-argentina-resumen-semanal-07032021_376.mp4,25.592,-7.191,24.174,long
dataset2,noticias-en-lengua-de-senas-argentina-resumen-semanal-07032021_48.mp4,37.404,-7.191,24.174,long
dataset2,noticias-en-lengua-de-senas-argentina-resumen-semanal-07032021_54.mp4,39.006,-7.191,24.174,long
dataset2,noticias-en-lengua-de-senas-argentina-resumen-semanal-07032021_62.mp4,28.061,-7.191,24.174,long
dataset2,noticias-en-lengua-de-senas-argentina-resumen-semanal-07032021_67.mp4,27.461,-7.191,24.174,long
dataset2,noticias-en-lengua-de-senas-argentina-resumen-semanal-07032021_72.mp4,29.897,-7.191,24.174,long
dataset2,noticias-en-lengua-de-senas-argentina-resumen-semanal-07032021_82.mp4,33.033,-7.191,24.174,long
dataset2,noticias-en-lengua-de-senas-argentina-resumen-semanal-07032021_86.mp4,38.872,-7.191,24.174,long
dataset2,noticias-en-lengua-de-senas-argentina-resumen-semanal-07032021_89.mp4,28.362,-7.191,24.174,long
dataset2,noticias-en-lengua-de-senas-argentina-resumen-semanal-09052021_128.mp4,28.395,-7.191,24.174,long
dataset2,noticias-en-lengua-de-senas-argentina-resumen-semanal-09052021_135.mp4,25.359,-7.191,24.174,long
dataset2,noticias-en-lengua-de-senas-argentina-resumen-semanal-09052021_149.mp4,31.465,-7.191,24.174,long
dataset2,noticias-en-lengua-de-senas-argentina-resumen-semanal-09052021_163.mp4,37.971,-7.191,24.174,long
dataset2,noticias-en-lengua-de-senas-argentina-resumen-semanal-09052021_18.mp4,25.325,-7.191,24.174,long
dataset2,noticias-en-lengua-de-senas-argentina-resumen-semanal-09052021_192.mp4,28.262,-7.191,24.174,long
dataset2,noticias-en-lengua-de-senas-argentina-resumen-semanal-09052021_215.mp4,25.726,-7.191,24.174,long
dataset2,noticias-en-lengua-de-senas-argentina-resumen-semanal-09052021_218.mp4,25.526,-7.191,24.174,long
dataset2,noticias-en-lengua-de-senas-argentina-resumen-semanal-09052021_260.mp4,25.592,-7.191,24.174,long
dataset2,noticias-en-lengua-de-senas-argentina-resumen-semanal-09052021_273.mp4,32.432,-7.191,24.174,long
dataset2,noticias-en-lengua-de-senas-argentina-resumen-semanal-09052021_38.mp4,34.735,-7.191,24.174,long
dataset2,noticias-en-lengua-de-senas-argentina-resumen-semanal-09052021_81.mp4,24.391,-7.191,24.174,long
dataset2,noticias-en-lengua-de-senas-argentina-resumen-semanal-10012021_103.mp4,29.83,-7.191,24.174,long
dataset2,noticias-en-lengua-de-senas-argentina-resumen-semanal-10012021_13.mp4,26.393,-7.191,24.174,long
dataset2,noticias-en-lengua-de-senas-argentina-resumen-semanal-10012021_22.mp4,41.642,-7.191,24.174,long
dataset2,noticias-en-lengua-de-senas-argentina-resumen-semanal-11042021_102.mp4,27.694,-7.191,24.174,long
dataset2,noticias-en-lengua-de-senas-argentina-resumen-semanal-11042021_121.mp4,28.028,-7.191,24.174,long
dataset2,noticias-en-lengua-de-senas-argentina-resumen-semanal-11042021_125.mp4,25.959,-7.191,24.174,long
dataset2,noticias-en-lengua-de-senas-argentina-resumen-semanal-11042021_135.mp4,28.462,-7.191,24.174,long
dataset2,noticias-en-lengua-de-senas-argentina-resumen-semanal-11042021_50.mp4,27.394,-7.191,24.174,long
dataset2,noticias-en-lengua-de-senas-argentina-resumen-semanal-13122020_249.mp4,25.058,-7.191,24.174,long
dataset2,noticias-en-lengua-de-senas-argentina-resumen-semanal-14022021_118.mp4,29.363,-7.191,24.174,long
dataset2,noticias-en-lengua-de-senas-argentina-resumen-semanal-14022021_128.mp4,24.858,-7.191,24.174,long
dataset2,noticias-en-lengua-de-senas-argentina-resumen-semanal-14022021_201.mp4,34.134,-7.191,24.174,long
dataset2,noticias-en-lengua-de-senas-argentina-resumen-semanal-14022021_27.mp4,30.797,-7.191,24.174,long
dataset2,noticias-en-lengua-de-senas-argentina-resumen-semanal-14022021_364.mp4,30.631,-7.191,24.174,long
dataset2,noticias-en-lengua-de-senas-argentina-resumen-semanal-14022021_84.mp4,39.84,-7.191,24.174,long
dataset2,noticias-en-lengua-de-senas-argentina-resumen-semanal-14032021_124.mp4,34.067,-7.191,24.174,long
dataset2,noticias-en-lengua-de-senas-argentina-resumen-semanal-14032021_180.mp4,50.751,-7.191,24.174,long
dataset2,noticias-en-lengua-de-senas-argentina-resumen-semanal-14032021_191.mp4,28.028,-7.191,24.174,long
dataset2,noticias-en-lengua-de-senas-argentina-resumen-semanal-14032021_195.mp4,25.859,-7.191,24.174,long
dataset2,noticias-en-lengua-de-senas-argentina-resumen-semanal-14032021_219.mp4,36.236,-7.191,24.174,long
dataset2,noticias-en-lengua-de-senas-argentina-resumen-semanal-14032021_61.mp4,33.367,-7.191,24.174,long
dataset2,noticias-en-lengua-de-senas-argentina-resumen-semanal-14032021_66.mp4,29.63,-7.191,24.174,long
dataset2,noticias-en-lengua-de-senas-argentina-resumen-semanal-16052021_101.mp4,26.827,-7.191,24.174,long
dataset2,noticias-en-lengua-de-senas-argentina-resumen-semanal-16052021_107.mp4,34.134,-7.191,24.174,long
dataset2,noticias-en-lengua-de-senas-argentina-resumen-semanal-16052021_178.mp4,26.927,-7.191,24.174,long
dataset2,noticias-en-lengua-de-senas-argentina-resumen-semanal-16052021_19.mp4,31.231,-7.191,24.174,long
dataset2,noticias-en-lengua-de-senas-argentina-resumen-semanal-16052021_303.mp4,30.531,-7.191,24.174,long
dataset2,noticias-en-lengua-de-senas-argentina-resumen-semanal-16052021_322.mp4,24.591,-7.191,24.174,long
dataset2,noticias-en-lengua-de-senas-argentina-resumen-semanal-16052021_356.mp4,26.426,-7.191,24.174,long
dataset2,noticias-en-lengua-de-senas-argentina-resumen-semanal-16052021_51.mp4,25.292,-7.191,24.174,long
dataset2,noticias-en-lengua-de-senas-argentina-resumen-semanal-16052021_75.mp4,25.392,-7.191,24.174,long
dataset2,noticias-en-lengua-de-senas-argentina-resumen-semanal-16052021_89.mp4,26.226,-7.191,24.174,long
dataset2,noticias-en-lengua-de-senas-argentina-resumen-semanal-16052021_97.mp4,31.498,-7.191,24.174,long
dataset2,noticias-en-lengua-de-senas-argentina-resumen-semanal-17012021_129.mp4,24.525,-7.191,24.174,long
dataset2,noticias-en-lengua-de-senas-argentina-resumen-semanal-17012021_167.mp4,24.858,-7.191,24.174,long
dataset2,noticias-en-lengua-de-senas-argentina-resumen-semanal-17012021_169.mp4,41.942,-7.191,24.174,long
dataset2,noticias-en-lengua-de-senas-argentina-resumen-semanal-17012021_199.mp4,30.297,-7.191,24.174,long
dataset2,noticias-en-lengua-de-senas-argentina-resumen-semanal-17012021_339.mp4,25.192,-7.191,24.174,long
dataset2,noticias-en-lengua-de-senas-argentina-resumen-semanal-17012021_55.mp4,29.062,-7.191,24.174,long
dataset2,noticias-en-lengua-de-senas-argentina-resumen-semanal-17012021_68.mp4,32.332,-7.191,24.174,long
dataset2,noticias-en-lengua-de-senas-argentina-resumen-semanal-17012021_89.mp4,24.958,-7.191,24.174,long
dataset2,noticias-en-lengua-de-senas-argentina-resumen-semanal-18042021_113.mp4,24.458,-7.191,24.174,long
dataset2,noticias-en-lengua-de-senas-argentina-resumen-semanal-18042021_131.mp4,29.863,-7.191,24.174,long
dataset2,noticias-en-lengua-de-senas-argentina-resumen-semanal-18042021_245.mp4,29.096,-7.191,24.174,long
dataset2,noticias-en-lengua-de-senas-argentina-resumen-semanal-18042021_264.mp4,25.759,-7.191,24.174,long
dataset2,noticias-en-lengua-de-senas-argentina-resumen-semanal-18042021_271.mp4,27.394,-7.191,24.174,long
dataset2,noticias-en-lengua-de-senas-argentina-resumen-semanal-20122020_107.mp4,24.191,-7.191,24.174,long
dataset2,noticias-en-lengua-de-senas-argentina-resumen-semanal-20122020_121.mp4,24.858,-7.191,24.174,long
dataset2,noticias-en-lengua-de-senas-argentina-resumen-semanal-20122020_207.mp4,31.031,-7.191,24.174,long
dataset2,noticias-en-lengua-de-senas-argentina-resumen-semanal-20122020_223.mp4,35.035,-7.191,24.174,long
dataset2,noticias-en-lengua-de-senas-argentina-resumen-semanal-20122020_283.mp4,40.174,-7.191,24.174,long
dataset2,noticias-en-lengua-de-senas-argentina-resumen-semanal-20122020_290.mp4,34.301,-7.191,24.174,long
dataset2,noticias-en-lengua-de-senas-argentina-resumen-semanal-21022021_107.mp4,26.393,-7.191,24.174,long
dataset2,noticias-en-lengua-de-senas-argentina-resumen-semanal-21022021_160.mp4,25.692,-7.191,24.174,long
dataset2,noticias-en-lengua-de-senas-argentina-resumen-semanal-21022021_164.mp4,26.059,-7.191,24.174,long
dataset2,noticias-en-lengua-de-senas-argentina-resumen-semanal-21022021_17.mp4,26.96,-7.191,24.174,long
dataset2,noticias-en-lengua-de-senas-argentina-resumen-semanal-21022021_172.mp4,29.129,-7.191,24.174,long
dataset2,noticias-en-lengua-de-senas-argentina-resumen-semanal-21022021_20.mp4,25.492,-7.191,24.174,long
dataset2,noticias-en-lengua-de-senas-argentina-resumen-semanal-21022021_25.mp4,26.727,-7.191,24.174,long
dataset2,noticias-en-lengua-de-senas-argentina-resumen-semanal-21022021_33.mp4,28.428,-7.191,24.174,long
dataset2,noticias-en-lengua-de-senas-argentina-resumen-semanal-21022021_90.mp4,24.558,-7.191,24.174,long
dataset2,noticias-en-lengua-de-senas-argentina-resumen-semanal-21032021_122.mp4,30.931,-7.191,24.174,long
dataset2,noticias-en-lengua-de-senas-argentina-resumen-semanal-21032021_129.mp4,36.203,-7.191,24.174,long
dataset2,noticias-en-lengua-de-senas-argentina-resumen-semanal-21032021_140.mp4,26.86,-7.191,24.174,long
dataset2,noticias-en-lengua-de-senas-argentina-resumen-semanal-21032021_144.mp4,27.06,-7.191,24.174,long
dataset2,noticias-en-lengua-de-senas-argentina-resumen-semanal-21032021_159.mp4,25.993,-7.191,24.174,long
dataset2,noticias-en-lengua-de-senas-argentina-resumen-semanal-21032021_191.mp4,35.068,-7.191,24.174,long
dataset2,noticias-en-lengua-de-senas-argentina-resumen-semanal-21032021_20.mp4,40.44,-7.191,24.174,long
dataset2,noticias-en-lengua-de-senas-argentina-resumen-semanal-21032021_204.mp4,26.493,-7.191,24.174,long
dataset2,noticias-en-lengua-de-senas-argentina-resumen-semanal-21032021_218.mp4,31.031,-7.191,24.174,long
dataset2,noticias-en-lengua-de-senas-argentina-resumen-semanal-21032021_228.mp4,28.228,-7.191,24.174,long
dataset2,noticias-en-lengua-de-senas-argentina-resumen-semanal-24012021_166.mp4,25.392,-7.191,24.174,long
dataset2,noticias-en-lengua-de-senas-argentina-resumen-semanal-24012021_18.mp4,24.224,-7.191,24.174,long
dataset2,noticias-en-lengua-de-senas-argentina-resumen-semanal-24012021_191.mp4,34.801,-7.191,24.174,long
dataset2,noticias-en-lengua-de-senas-argentina-resumen-semanal-24012021_225.mp4,24.324,-7.191,24.174,long
dataset2,noticias-en-lengua-de-senas-argentina-resumen-semanal-24012021_271.mp4,28.695,-7.191,24.174,long
dataset2,noticias-en-lengua-de-senas-argentina-resumen-semanal-24012021_32.mp4,30.197,-7.191,24.174,long
dataset2,noticias-en-lengua-de-senas-argentina-resumen-semanal-24012021_320.mp4,37.104,-7.191,24.174,long
dataset2,noticias-en-lengua-de-senas-argentina-resumen-semanal-24012021_330.mp4,33.567,-7.191,24.174,long
dataset2,noticias-en-lengua-de-senas-argentina-resumen-semanal-24012021_40.mp4,27.194,-7.191,24.174,long
dataset2,noticias-en-lengua-de-senas-argentina-resumen-semanal-24012021_60.mp4,43.777,-7.191,24.174,long
dataset2,noticias-en-lengua-de-senas-argentina-resumen-semanal-24012021_65.mp4,27.928,-7.191,24.174,long
dataset2,noticias-en-lengua-de-senas-argentina-resumen-semanal-24012021_69.mp4,32.599,-7.191,24.174,long
dataset2,noticias-en-lengua-de-senas-argentina-resumen-semanal-24012021_91.mp4,33.8,-7.191,24.174,long
dataset2,noticias-en-lengua-de-senas-argentina-resumen-semanal-25042021_131.mp4,24.224,-7.191,24.174,long
dataset2,noticias-en-lengua-de-senas-argentina-resumen-semanal-25042021_133.mp4,25.726,-7.191,24.174,long
dataset2,noticias-en-lengua-de-senas-argentina-resumen-semanal-25042021_247.mp4,28.762,-7.191,24.174,long
dataset2,noticias-en-lengua-de-senas-argentina-resumen-semanal-25042021_26.mp4,39.573,-7.191,24.174,long
dataset2,noticias-en-lengua-de-senas-argentina-resumen-semanal-25042021_76.mp4,29.263,-7.191,24.174,long
dataset2,noticias-en-lengua-de-senas-argentina-resumen-semanal-25042021_83.mp4,25.192,-7.191,24.174,long
dataset2,noticias-en-lengua-de-senas-argentina-resumen-semanal-25042021_91.mp4,36.303,-7.191,24.174,long
dataset2,noticias-en-lengua-de-senas-argentina-resumen-semanal-27122020_101.mp4,31.164,-7.191,24.174,long
dataset2,noticias-en-lengua-de-senas-argentina-resumen-semanal-27122020_135.mp4,25.025,-7.191,24.174,long
dataset2,noticias-en-lengua-de-senas-argentina-resumen-semanal-27122020_167.mp4,29.663,-7.191,24.174,long
dataset2,noticias-en-lengua-de-senas-argentina-resumen-semanal-27122020_190.mp4,36.87,-7.191,24.174,long
dataset2,noticias-en-lengua-de-senas-argentina-resumen-semanal-27122020_288.mp4,29.563,-7.191,24.174,long
dataset2,noticias-en-lengua-de-senas-argentina-resumen-semanal-27122020_295.mp4,25.459,-7.191,24.174,long
dataset2,noticias-en-lengua-de-senas-argentina-resumen-semanal-27122020_301.mp4,34.468,-7.191,24.174,long
dataset2,noticias-en-lengua-de-senas-argentina-resumen-semanal-27122020_309.mp4,36.436,-7.191,24.174,long
dataset2,noticias-en-lengua-de-senas-argentina-resumen-semanal-27122020_358.mp4,24.424,-7.191,24.174,long
dataset2,noticias-en-lengua-de-senas-argentina-resumen-semanal-27122020_368.mp4,24.625,-7.191,24.174,long
dataset2,noticias-en-lengua-de-senas-argentina-resumen-semanal-27122020_441.mp4,24.424,-7.191,24.174,long
dataset2,noticias-en-lengua-de-senas-argentina-resumen-semanal-27122020_483.mp4,29.663,-7.191,24.174,long
dataset2,noticias-en-lengua-de-senas-argentina-resumen-semanal-27122020_66.mp4,31.331,-7.191,24.174,long
dataset2,noticias-en-lengua-de-senas-argentina-resumen-semanal-28022021_110.mp4,33.6,-7.191,24.174,long
dataset2,noticias-en-lengua-de-senas-argentina-resumen-semanal-28022021_93.mp4,38.672,-7.191,24.174,long
dataset2,noticias-en-lengua-de-senas-argentina-resumen-semanal-28022021_96.mp4,25.125,-7.191,24.174,long
dataset2,noticias-en-lengua-de-senas-argentina-resumen-semanal-28032021_168.mp4,24.658,-7.191,24.174,long
dataset2,noticias-en-lengua-de-senas-argentina-resumen-semanal-28032021_204.mp4,25.926,-7.191,24.174,long
dataset2,noticias-en-lengua-de-senas-argentina-resumen-semanal-28032021_213.mp4,28.929,-7.191,24.174,long
dataset2,noticias-en-lengua-de-senas-argentina-resumen-semanal-28032021_36.mp4,27.761,-7.191,24.174,long
dataset2,noticias-en-lengua-de-senas-argentina-resumen-semanal-28032021_45.mp4,25.993,-7.191,24.174,long
dataset2,noticias-en-lengua-de-senas-argentina-resumen-semanal-29112020_272.mp4,25.993,-7.191,24.174,long
dataset2,noticias-en-lengua-de-senas-argentina-resumen-semanal-29112020_34.mp4,25.526,-7.191,24.174,long
dataset2,noticias-en-lengua-de-senas-argentina-resumen-semanal-29112020_87.mp4,25.125,-7.191,24.174,long
dataset2,noticias-en-lengua-de-senas-argentina-resumen-semanal-31012021_108.mp4,27.995,-7.191,24.174,long
dataset2,noticias-en-lengua-de-senas-argentina-resumen-semanal-31012021_119.mp4,44.511,-7.191,24.174,long
dataset2,noticias-en-lengua-de-senas-argentina-resumen-semanal-31012021_225.mp4,24.791,-7.191,24.174,long
dataset2,noticias-en-lengua-de-senas-argentina-resumen-semanal-31012021_248.mp4,31.932,-7.191,24.174,long
dataset2,noticias-en-lengua-de-senas-argentina-resumen-semanal-31012021_252.mp4,24.391,-7.191,24.174,long
dataset2,noticias-en-lengua-de-senas-argentina-resumen-semanal-31012021_268.mp4,28.295,-7.191,24.174,long
dataset2,noticias-en-lengua-de-senas-argentina-resumen-semanal-31012021_303.mp4,24.758,-7.191,24.174,long
dataset2,noticias-en-lengua-de-senas-argentina-resumen-semanal-31012021_322.mp4,24.291,-7.191,24.174,long
dataset2,noticias-en-lengua-de-senas-argentina-resumen-semanal-31012021_354.mp4,28.028,-7.191,24.174,long
dataset2,noticias-en-lengua-de-senas-argentina-resumen-semanal-31012021_361.mp4,31.965,-7.191,24.174,long
dataset2,noticias-en-lengua-de-senas-argentina-resumen-semanal-31012021_371.mp4,25.959,-7.191,24.174,long
dataset2,noticias-en-lengua-de-senas-argentina-resumen-semanal-31012021_377.mp4,25.225,-7.191,24.174,long
dataset2,noticias-en-lengua-de-senas-argentina-resumen-semanal-31012021_405.mp4,29.663,-7.191,24.174,long
dataset2,noticias-en-lengua-de-senas-argentina-resumen-semanal-31012021_414.mp4,30.264,-7.191,24.174,long
dataset2,noticias-en-lengua-de-senas-argentina-resumen-semanal-31012021_425.mp4,29.162,-7.191,24.174,long
dataset2,noticias-en-lengua-de-senas-argentina-resumen-semanal-31012021_523.mp4,31.899,-7.191,24.174,long
dataset2,noticias-en-lengua-de-senas-argentina-resumen-semanal-31012021_544.mp4,27.895,-7.191,24.174,long
dataset2,noticias-en-lengua-de-senas-argentina-resumen-semanal-31012021_65.mp4,26.159,-7.191,24.174,long
dataset2,noticias-en-lengua-de-senas-argentina-resumen-semanal-7022021_100.mp4,43.777,-7.191,24.174,long
dataset2,noticias-en-lengua-de-senas-argentina-resumen-semanal-7022021_174.mp4,31.798,-7.191,24.174,long
dataset2,noticias-en-lengua-de-senas-argentina-resumen-semanal-7022021_218.mp4,25.058,-7.191,24.174,long
dataset2,noticias-en-lengua-de-senas-argentina-resumen-semanal-7022021_233.mp4,33.1,-7.191,24.174,long
dataset2,noticias-en-lengua-de-senas-argentina-resumen-semanal-7022021_243.mp4,24.658,-7.191,24.174,long
dataset2,noticias-en-lengua-de-senas-argentina-resumen-semanal-7022021_248.mp4,24.858,-7.191,24.174,long
dataset2,noticias-en-lengua-de-senas-argentina-resumen-semanal-7022021_264.mp4,27.06,-7.191,24.174,long
dataset2,noticias-en-lengua-de-senas-argentina-resumen-semanal-7022021_92.mp4,29.663,-7.191,24.174,long
dataset2,noticias-en-lengua-de-senas-argentina-resumen-semanal-semana-santa-04042021_111.mp4,31.031,-7.191,24.174,long
dataset2,noticias-en-lengua-de-senas-argentina-resumen-semanal-semana-santa-04042021_114.mp4,31.265,-7.191,24.174,long
dataset2,noticias-en-lengua-de-senas-argentina-resumen-semanal-semana-santa-04042021_118.mp4,30.03,-7.191,24.174,long
dataset2,noticias-en-lengua-de-senas-argentina-resumen-semanal-semana-santa-04042021_123.mp4,26.193,-7.191,24.174,long
dataset2,noticias-en-lengua-de-senas-argentina-resumen-semanal-semana-santa-04042021_163.mp4,35.936,-7.191,24.174,long
dataset2,noticias-en-lengua-de-senas-argentina-resumen-semanal-semana-santa-04042021_183.mp4,35.068,-7.191,24.174,long
dataset2,noticias-en-lengua-de-senas-argentina-resumen-semanal-semana-santa-04042021_20.mp4,27.761,-7.191,24.174,long
dataset2,noticias-en-lengua-de-senas-argentina-resumen-semanal-semana-santa-04042021_244.mp4,24.591,-7.191,24.174,long
dataset2,noticias-en-lengua-de-senas-argentina-resumen-semanal-semana-santa-04042021_571.mp4,30.664,-7.191,24.174,long
dataset2,noticias-en-lengua-de-senas-argentina-resumen-semanal-semana-santa-04042021_59.mp4,29.429,-7.191,24.174,long
dataset2,noticias-en-lengua-de-senas-argentina-resumen-semanal-semana-santa-04042021_640.mp4,26.326,-7.191,24.174,long
dataset2,noticias-en-lengua-de-senas-argentina-resumen-semanal-semana-santa-04042021_643.mp4,29.263,-7.191,24.174,long
dataset2,noticias-en-lsa-especial-aniversario-resumen-semanal-28112021_100.mp4,26.994,-7.191,24.174,long
dataset2,noticias-en-lsa-especial-aniversario-resumen-semanal-28112021_111.mp4,39.473,-7.191,24.174,long
dataset2,noticias-en-lsa-especial-aniversario-resumen-semanal-28112021_114.mp4,42.709,-7.191,24.174,long
dataset2,noticias-en-lsa-especial-aniversario-resumen-semanal-28112021_125.mp4,33.667,-7.191,24.174,long
dataset2,noticias-en-lsa-especial-aniversario-resumen-semanal-28112021_134.mp4,26.527,-7.191,24.174,long
dataset2,noticias-en-lsa-especial-aniversario-resumen-semanal-28112021_25.mp4,33.433,-7.191,24.174,long
dataset2,noticias-en-lsa-especial-aniversario-resumen-semanal-28112021_31.mp4,27.394,-7.191,24.174,long
dataset2,noticias-en-lsa-especial-aniversario-resumen-semanal-28112021_52.mp4,30.931,-7.191,24.174,long
dataset2,noticias-en-lsa-especial-aniversario-resumen-semanal-28112021_63.mp4,27.094,-7.191,24.174,long
dataset2,noticias-en-lsa-especial-aniversario-resumen-semanal-28112021_66.mp4,27.294,-7.191,24.174,long
dataset2,que-son-los-ecoladrillos-y-las-botellas-de-amor-episodio-7-en-lengua-de-senas-argentina-lsa_30.mp4,26.467,-7.191,24.174,long
dataset2,que-son-los-ecoladrillos-y-las-botellas-de-amor-episodio-7-en-lengua-de-senas-argentina-lsa_33.mp4,49.0,-7.191,24.174,long
dataset2,que-son-los-ecoladrillos-y-las-botellas-de-amor-episodio-7-en-lengua-de-senas-argentina-lsa_38.mp4,37.533,-7.191,24.174,long
dataset2,que-son-los-ecoladrillos-y-las-botellas-de-amor-episodio-7-en-lengua-de-senas-argentina-lsa_5.mp4,37.167,-7.191,24.174,long
dataset2,que-son-los-ecoladrillos-y-las-botellas-de-amor-episodio-7-en-lengua-de-senas-argentina-lsa_93.mp4,35.6,-7.191,24.174,long
dataset2,que-son-los-ecoladrillos-y-las-botellas-de-amor-episodio-7-en-lengua-de-senas-argentina-lsa_97.mp4,33.733,-7.191,24.174,long
dataset2,ultimo-momento-reconocimiento-la-lengua-de-senas-chilena-como-lengua-oficial-de-las-personas-sordas_1.mp4,55.289,-7.191,24.174,long
dataset2,ultimo-momento-reconocimiento-la-lengua-de-senas-chilena-como-lengua-oficial-de-las-personas-sordas_8.mp4,26.96,-7.191,24.174,long
dataset5,Historias vinetas (11).mp4,60.06,-0.125,1.276,long
dataset5,Historias vinetas (12)-24.mp4,1.437,-0.125,1.276,long
dataset5,Historias vinetas (12)-31.mp4,1.542,-0.125,1.276,long
dataset5,Historias vinetas (12)-47.mp4,1.535,-0.125,1.276,long
dataset5,Historias vinetas (12)-78.mp4,1.881,-0.125,1.276,long
dataset5,Historias vinetas (12)-80.mp4,1.768,-0.125,1.276,long
dataset5,Historias vinetas (12)-83.mp4,1.535,-0.125,1.276,long
dataset5,Historias vinetas (12)-97.mp4,2.378,-0.125,1.276,long
dataset5,Historias vinetas (12).mp4,98.565,-0.125,1.276,long
dataset5,Historias vinetas (13)-1.mp4,1.803,-0.125,1.276,long
dataset5,Historias vinetas (13)-19.mp4,2.269,-0.125,1.276,long
dataset5,Historias vinetas (13)-3.mp4,1.602,-0.125,1.276,long
dataset5,Historias vinetas (13)-39.mp4,1.301,-0.125,1.276,long
dataset5,Historias vinetas (13)-47.mp4,1.335,-0.125,1.276,long
dataset5,Historias vinetas (13)-49.mp4,1.502,-0.125,1.276,long
dataset5,Historias vinetas (13)-50.mp4,1.468,-0.125,1.276,long
dataset5,Historias vinetas (13)-7.mp4,2.069,-0.125,1.276,long
dataset5,Historias vinetas (13)-86.mp4,3.403,-0.125,1.276,long
dataset5,Historias vinetas (13)-87.mp4,1.602,-0.125,1.276,long
dataset5,Historias vinetas (13).mp4,86.053,-0.125,1.276,long
dataset5,Historias vinetas (14)-12.mp4,1.301,-0.125,1.276,long
dataset5,Historias vinetas (14)-14.mp4,1.401,-0.125,1.276,long
dataset5,Historias vinetas (14)-17.mp4,1.602,-0.125,1.276,long
dataset5,Historias vinetas (14)-53.mp4,1.803,-0.125,1.276,long
dataset5,Historias vinetas (14)-7.mp4,1.855,-0.125,1.276,long
dataset5,Historias vinetas (14)-9.mp4,1.725,-0.125,1.276,long
dataset5,Historias vinetas (14).mp4,84.618,-0.125,1.276,long
dataset5,Historias vinetas (15).mp4,167.767,-0.125,1.276,long
dataset6,LSP - Diálogo - Consultores 10 y 24 - Sesión 3 (parte 01).mp4,756.266,-118.731,398.815,long
dataset6,LSP - Diálogo - Consultores 10 y 24 - Sesión 3 (parte 03).mp4,530.538,-118.731,398.815,long
dataset6,LSP - Diálogo - Consultores 10 y 24 - Sesión 3 (parte 07).mp4,437.439,-118.731,398.815,long
dataset6,LSP - Diálogo - Consultores 10 y 24 - Sesión 3 (parte 20).mp4,670.676,-118.731,398.815,long
dataset6,LSP - Diálogo - Consultores 11 y 7 - Sesión 3 (parte 01).mp4,662.186,-118.731,398.815,long
dataset6,LSP - Diálogo - Consultores 11 y 7 - Sesión 3 (parte 04).mp4,686.719,-118.731,398.815,long
dataset6,LSP - Diálogo - Consultores 13 y 24 - Sesión 3 (parte 03).mp4,413.93,-118.731,398.815,long
dataset6,LSP - Diálogo - Consultores 13 y 24 - Sesión 3 (parte 16).mp4,745.748,-118.731,398.815,long
dataset6,LSP - Diálogo - Consultores 21 y 23 - Sesión 3 (parte 15).mp4,591.594,-118.731,398.815,long
dataset6,LSP - Diálogo - Consultores 21 y 23 - Sesión 3 (parte 23).mp4,494.506,-118.731,398.815,long
dataset6,LSP - Diálogo - Consultores 9 y 16 - Sesión 3 (parte 08).mp4,569.599,-118.731,398.815,long
dataset6,LSP - Diálogo -Consultores 2 y 18- Sesión 3.mp4,4108.415,-118.731,398.815,long
dataset6,LSP - Diálogo Consultores 15 y 12- Sesión 3 (parte 01).mp4,755.796,-118.731,398.815,long
dataset6,LSP - Diálogo Consultores 15 y 12- Sesión 3 (parte 02).mp4,756.266,-118.731,398.815,long
dataset6,LSP - Diálogo Consultores 15 y 12- Sesión 3 (parte 03).mp4,756.266,-118.731,398.815,long
dataset6,LSP - Diálogo Consultores 15 y 12- Sesión 3 (parte 05).mp4,756.266,-118.731,398.815,long
dataset6,LSP - Diálogo Consultores 15 y 12- Sesión 3 (parte 06).mp4,688.703,-118.731,398.815,long
dataset6,LSP - Diálogo Consultores 15 y 12- Sesión 3 (parte 07).mp4,756.266,-118.731,398.815,long
dataset6,LSP - Diálogo Consultores 3 y 7- Sesión 3 (parte 01).mp4,591.615,-118.731,398.815,long
dataset6,LSP - Diálogo Consultores 3 y 7- Sesión 3 (parte 07).mp4,405.93,-118.731,398.815,long
dataset6,LSP - Diálogo Consultores 3 y 7- Sesión 3 (parte 14).mp4,459.988,-118.731,398.815,long
dataset6,LSP - Diálogo Consultores 3 y 7- Sesión 3 (parte 15).mp4,669.204,-118.731,398.815,long
dataset7,ABECEDARIO.mp4,54.421,-0.3,9.042,long
dataset7,CAMINAR_ORACION_1.mp4,10.911,-0.3,9.042,long
dataset7,CARGAR_ORACION_1.mp4,9.142,-0.3,9.042,long
dataset7,CASACA_ORACION_1.mp4,10.143,-0.3,9.042,long
dataset7,CUATRO_ORACION_1.mp4,9.91,-0.3,9.042,long
dataset7,DAR-PASOS_ORACION_1.mp4,15.415,-0.3,9.042,long
dataset7,DIEZ_ORACION_2.mp4,12.012,-0.3,9.042,long
dataset7,DOS_ORACION_1.mp4,9.076,-0.3,9.042,long
dataset7,FUNDAR_ORACION_1.mp4,10.644,-0.3,9.042,long
dataset7,HOLA_ORACION_2.mp4,9.743,-0.3,9.042,long
dataset7,IGUAL_ORACION_8.mp4,9.343,-0.3,9.042,long
dataset7,IMPOSIBLE_ORACION_1.mp4,14.481,-0.3,9.042,long
dataset7,JOVEN_ORACION_2.mp4,9.409,-0.3,9.042,long
dataset7,MALO_ORACION_1.mp4,9.91,-0.3,9.042,long
