path,entries,unique_labels,median_words,max_words,median_entry_seconds,max_entry_seconds
dataset5/srt/Historias vinetas (11).srt,65,47,1,3,0.4,1.19
dataset5/srt/Historias vinetas (12).srt,101,75,1,5,0.581,2.368
dataset5/srt/Historias vinetas (13).srt,97,75,1,3,0.57,3.38
dataset5/srt/Historias vinetas (14).srt,91,50,1,4,0.52,1.83
dataset5/srt/Historias vinetas (15).srt,187,120,1,3,0.54,2.51
dataset5/srt/Historias vinetas (17).srt,88,51,1.0,3,0.855,4.12
dataset5/srt/Historias vinetas (18).srt,167,100,1,5,0.46,2.04
dataset5/srt/Historias vinetas (19).srt,80,54,1.0,3,0.535,2.29
dataset5/srt/Historias vinetas (2).srt,128,80,1.0,6,0.44,1.43
dataset5/srt/Historias vinetas (20).srt,74,51,1.0,3,0.69,2.81
dataset5/srt/Historias vinetas (21).srt,146,88,1.0,7,0.695,3.69
dataset5/srt/Historias vinetas (22).srt,278,135,1.0,5,0.545,1.99
dataset5/srt/Historias vinetas (23).srt,298,146,1.0,5,0.54,2.12
dataset5/srt/Historias vinetas (24).srt,241,121,1,3,0.67,4.02
dataset5/srt/Historias vinetas (25).srt,41,30,1,4,0.9,2.16
dataset5/srt/Historias vinetas (27).srt,89,55,1,5,0.37,1.39
dataset5/srt/Historias vinetas (29).srt,89,74,1,4,0.41,3.18
dataset5/srt/Historias vinetas (3).srt,677,341,1,6,0.575,3.0
dataset5/srt/Historias vinetas (30).srt,156,89,1.0,5,0.505,1.38
dataset5/srt/Historias vinetas (37).srt,73,37,1,4,0.66,4.25
dataset5/srt/Historias vinetas (4).srt,88,51,1.0,3,0.27,2.93
dataset5/srt/Historias vinetas (42).srt,122,82,1.0,5,0.48,1.79
dataset5/srt/Historias vinetas (43).srt,114,81,1.0,4,0.515,4.14
dataset5/srt/Historias vinetas (5).srt,111,78,1,5,0.61,2.81
dataset5/srt/Historias vinetas (6).srt,235,105,1,3,0.55,2.68
dataset5/srt/Historias vinetas (8).srt,109,79,1,9,0.57,4.241
dataset5/srt/Historias vinetas (9).srt,147,81,1,4,0.48,1.54
